order_id,date,customer,customer_type,segment,geography,value_cr,currency,value_fc,firmness,tenor_months,linked_to,source_url,notes
HF-2404-01,2024-04-12,Leading private telecom operator,Private,OFC,Domestic,64.93,INR,,Firm,,,https://www.bseindia.com/xml-data/corpfiling/AttachHis/8955b3d2-b649-496e-980f-8e99ab2b6637.pdf,HFCL + HTL POs
HF-2501-01,2025-01-16,BSNL (BharatNet III Punjab),Govt,EPC/Network,Domestic,2501.30,INR,,AWO,120,,https://www.bseindia.com/xml-data/corpfiling/AttachHis/fe85112b-28d2-4a23-aa0a-3b67845a2961.pdf,Advance Work Order; middle-mile design-build-operate
HF-2501-02,2025-01-23,RVNL (BharatNet III UP East & West),PSU,EPC/Network,Domestic,2167.65,INR,,AWO,120,,https://www.bseindia.com/xml-data/corpfiling/AttachHis/ddcdaf3c-3a7f-4951-8dce-db8f381d4ebb.pdf,APOs: OFC + equipment + 10-yr O&M
HF-2502-01,2025-02-19,BSNL (BharatNet III Punjab),Govt,EPC/Network,Domestic,2501.30,INR,,Firm,120,HF-2501-01,https://www.bseindia.com/xml-data/corpfiling/AttachHis/1622e88f-4b68-4170-ba40-d53115c70f3c.pdf,Agreement signed for AWO of 16-Jan-2025 (follow-up; not new inflow)
HF-2503-01,2025-03-07,Indian Army,Defence,Defence,Domestic,44.36,INR,,Firm,,,https://www.bseindia.com/xml-data/corpfiling/AttachHis/348f6ea0-51a4-4105-9dff-508a9004ae31.pdf,HTL; tactical OFC assemblies
HF-2505-01,2025-05-12,Tera Software (ITI consortium; BharatNet WB),PSU,OFC,Domestic,157.00,INR,,Firm,,,https://www.bseindia.com/xml-data/corpfiling/AttachHis/490cebee-5463-445f-b221-07dc99479fe3.pdf,
HF-2505-02,2025-05-18,Overseas telecom company,Export,OFC,Export,59.19,USD,6.91,Firm,,,https://www.bseindia.com/xml-data/corpfiling/AttachHis/732ebf6e-521b-404d-a2f8-c28aec5ff74a.pdf,
HF-2505-03,2025-05-18,ITI Limited,PSU,OFC,Domestic,17.02,INR,,Firm,,,https://www.bseindia.com/xml-data/corpfiling/AttachHis/732ebf6e-521b-404d-a2f8-c28aec5ff74a.pdf,
HF-2505-04,2025-05-19,Leading domestic telco (5G),Private,Telecom equipment,Domestic,173.72,INR,,Firm,,,https://www.bseindia.com/xml-data/corpfiling/AttachHis/1bb179de-09f5-4b8a-9798-95d555e9bc9c.pdf,
HF-2508-01,2025-08-27,Indian Army,Defence,Defence,Domestic,101.82,INR,,Firm,,,https://www.bseindia.com/xml-data/corpfiling/AttachHis/33a642b9-1445-4917-a4d2-c4cb38cf5802.pdf,HTL; tactical OFC
HF-2509-01,2025-09-07,International customers,Export,OFC,Export,358.38,USD,40.65,Firm,,,https://www.bseindia.com/xml-data/corpfiling/AttachHis/7c7a043c-1895-40fa-8a05-61142d769268.pdf,via overseas WOS
HF-2510-01,2025-10-08,International customer,Export,OFC,Export,303.35,USD,34.19,Firm,,,https://www.bseindia.com/xml-data/corpfiling/AttachHis/28b74f04-50d4-4491-9e20-ee475e39ff04.pdf,via overseas WOS
HF-2510-02,2025-10-17,International customer,Export,OFC,Export,281.20,USD,32.02,Firm,,,https://www.bseindia.com/xml-data/corpfiling/AttachHis/f8438e57-4973-4acc-a20d-30ee836d050f.pdf,via overseas WOS
HF-2512-01,2025-12-06,International customer,Export,OFC,Export,656.10,USD,72.96,Firm,,,https://www.bseindia.com/xml-data/corpfiling/AttachHis/26de2dbb-b0ac-404a-b3df-78e5460f314d.pdf,via overseas WOS
HF-2602-01,2026-02-15,International customer,Export,OFC,Export,42.34,USD,4.67,Firm,,,https://www.bseindia.com/xml-data/corpfiling/AttachHis/4eb5afb4-afaa-4a2b-b317-b4590ceb555f.pdf,
HF-2602-02,2026-02-16,Leading private telecom operator,Private,OFC,Domestic,60.95,INR,,Firm,,,https://www.bseindia.com/xml-data/corpfiling/AttachHis/6fccd502-bebc-4526-a6b7-e180b18550ef.pdf,HFCL + HTL
HF-2603-01,2026-03-13,Overseas customer (5-yr supply agreement),Export,OFC (high fibre count),Export,10159.00,USD,1100,Framework,60,,https://www.bseindia.com/xml-data/corpfiling/AttachHis/bb5ea9df-a555-4a76-b881-d90281d03ee1.pdf,"Potential value at prevailing prices; first multi-year LTA"
HF-2604-01,2026-04-08,Tier-1 customer,Unspecified,OFC,Unspecified,1366.00,INR,,Firm,,,https://www.bseindia.com/xml-data/corpfiling/AttachHis/b0d19019-de62-46b9-862a-10b836eabf0d.pdf,HTL; customer geography not disclosed
HF-2605-01,2026-05-04,Leading private telecom operator,Private,OFC,Domestic,84.23,INR,,Firm,,,https://www.bseindia.com/xml-data/corpfiling/AttachHis/4eaa2a27-59f6-4504-9a9f-0489442b6f90.pdf,HFCL + HTL
HF-2605-02,2026-05-11,International customers,Export,OFC,Export,183.95,USD,19.32,Firm,,,https://www.bseindia.com/xml-data/corpfiling/AttachHis/6a68c1b6-cbf0-4a05-a253-1008bc05f3f0.pdf,
HF-2605-03,2026-05-16,International customer,Export,OFC,Export,106.19,USD,11.07,Firm,,,https://www.bseindia.com/xml-data/corpfiling/AttachHis/64cedede-fca3-4b30-9fa6-b0c0fcc675c3.pdf,via overseas WOS
HF-2605-04,2026-05-27,RailTel (defence data-centre network AMC),PSU,Services/AMC,Domestic,135.09,INR,,Firm,,,https://www.bseindia.com/xml-data/corpfiling/AttachHis/e9159735-2f47-4b17-b39d-9f86e4750782.pdf,
HF-2606-01,2026-06-17,RVNL (BharatNet III UP West),PSU,EPC/Network,Domestic,2666.09,INR,,Firm,120,,https://www.bseindia.com/xml-data/corpfiling/AttachHis/f34b1e18-f4b4-4489-81c1-67788b734131.pdf,"Stated as in addition to Jan-2025 RVNL ₹2,167.65 Cr; incl. 10-yr O&M"
HF-2607-01,2026-07-10,International customer (DC connectivity),Export,Data-centre connectivity,Export,495.80,USD,51.98,Firm,,,https://www.bseindia.com/xml-data/corpfiling/AttachHis/8d217589-04c2-4237-ab71-f435b687f54b.pdf,via overseas WOS
HF-2607-02,2026-07-30,International customer,Export,OFC,Export,441.53,USD,46.13,Firm,,,https://www.bseindia.com/xml-data/corpfiling/AttachHis/47768e2b-ff17-4452-819a-02e86be2ca3b.pdf,via overseas WOS
HF-2608-01,2026-08-02,International customers,Export,OFC,Export,522.73,USD,54.81,Firm,,,https://www.bseindia.com/xml-data/corpfiling/AttachHis/91868cf9-d269-4e4f-bd12-37b0b8ed8c8a.pdf,
HF-2609-01,2026-09-01,Overseas customer (3-yr supply agreement),Export,OFC (high fibre count),Export,2329.00,USD,244,Framework,36,,https://www.bseindia.com/xml-data/corpfiling/AttachHis/3d3249f1-1d6c-491b-8a40-200e0c3c441d.pdf,Estimated contract value over tenure
