period,revenue_cr,revenue_ttm_cr,order_book_cr,order_linked_share,source
FY22,4727,4727,5300,1,CARE Ratings Jul-2022
FY23,4743,4743,7010,1,Company disclosure (The Machine Maker)
FY24,4465,4465,7685,1,Company disclosure (DSIJ)
Q1FY25,1158,4628,,1,Screener revenue
Q2FY25,1094,4611,,1,Screener revenue
Q3FY25,1012,4591,10410,1,Q3FY25 results (Muthoot Securities)
Q4FY25,801,4065,9967,1,FY25 results (prior report)
Q1FY26,871,3778,,1,Screener revenue
Q2FY26,1043,3727,9981,1,Q2FY26 results (Muthoot Securities)
Q3FY26,1211,3926,11125,1,Q3FY26 results (Muthoot Securities)
Q4FY26,1824,4949,21206,1,Q4FY26 results
Q1FY27,1915,5993,26665,1,Q1FY27 results (Business Standard)
